{"n_estimators": 583, "max_depth": 34, "num_leaves": 182, "learning_rate": 0.07996423811598433, "min_child_samples": 36, "subsample": 0.6697008104318332, "colsample_bytree": 0.9108598496253733}