{"n_estimators": 281, "max_depth": 37, "num_leaves": 239, "learning_rate": 0.019607433814623182, "min_child_samples": 100, "subsample": 0.578351040063995, "colsample_bytree": 0.6179092466532337}