{"n_estimators": 937, "max_depth": 50, "num_leaves": 218, "learning_rate": 8.794361337239282e-05, "min_child_samples": 38, "subsample": 0.9710645440611071, "colsample_bytree": 0.47800454993629177}