{"n_estimators": 970, "max_depth": 40, "num_leaves": 241, "learning_rate": 0.0008949056927459604, "min_child_samples": 98, "subsample": 0.8611399817718326, "colsample_bytree": 0.7810931210876255}