{
  "units1": 341,
  "dropout1": 0.3096476979902921,
  "units2": 489,
  "dropout2": 0.3379683148696615,
  "lr": 0.00048752683020772923,
  "batch_size": 67,
  "epochs": 91
}
