{"units1": 257, "dropout1": 0.36704158462835745, "units2": 485, "dropout2": 0.222451975900822, "lr": 0.0006565679812053902, "batch_size": 44, "epochs": 93}